{"cameraMode":{"drawMode":0,"name":"Shaded","section":"Shading Mode"},"sceneLighting":false,"audioPlay":false,"sceneViewState":{"showFog":true,"showMaterialUpdate":false,"showSkybox":true,"showFlares":true,"showImageEffects":true,"showParticleSystems":true},"in2DMode":false,"pivot":{"x":0.0,"y":0.7698925733566284,"z":1.1731233596801758},"rotation":{"x":0.001300147152505815,"y":-0.6899331212043762,"z":0.7238709330558777,"w":0.0012388477334752679},"size":23.42585563659668,"orthographic":true}