{"cameraMode":{"drawMode":0,"name":"Shaded","section":"Shading Mode"},"sceneLighting":false,"audioPlay":false,"sceneViewState":{"showFog":true,"showMaterialUpdate":false,"showSkybox":true,"showFlares":true,"showImageEffects":true,"showParticleSystems":true},"in2DMode":false,"pivot":{"x":-0.004302501678466797,"y":1.0181097984313965,"z":1.3744878768920899},"rotation":{"x":0.00021358126832637936,"y":0.6931849122047424,"z":-0.7207597494125366,"w":0.00020543797290883958},"size":19.170867919921876,"orthographic":false}