{"cameraMode":{"drawMode":0,"name":"Shaded","section":"Shading Mode"},"sceneLighting":false,"audioPlay":false,"sceneViewState":{"showFog":true,"showMaterialUpdate":false,"showSkybox":true,"showFlares":true,"showImageEffects":true,"showParticleSystems":true},"in2DMode":false,"pivot":{"x":0.4003390669822693,"y":1.2429141998291016,"z":27.325124740600587},"rotation":{"x":0.34096482396125796,"y":-0.5777966380119324,"z":0.2883467376232147,"w":0.683191180229187},"size":11.142128944396973,"orthographic":false}