{"cameraMode":{"drawMode":0,"name":"Shaded","section":"Shading Mode"},"sceneLighting":false,"audioPlay":false,"sceneViewState":{"showFog":true,"showMaterialUpdate":false,"showSkybox":true,"showFlares":true,"showImageEffects":true,"showParticleSystems":true},"in2DMode":false,"pivot":{"x":-0.2513459026813507,"y":0.36269521713256838,"z":-0.6269736289978027},"rotation":{"x":-0.012845095247030259,"y":0.9459681510925293,"z":-0.3217979371547699,"w":-0.03775274381041527},"size":9.853766441345215,"orthographic":false}