{"cameraMode":{"drawMode":0,"name":"Shaded","section":"Shading Mode"},"sceneLighting":false,"audioPlay":false,"sceneViewState":{"showFog":true,"showMaterialUpdate":false,"showSkybox":true,"showFlares":true,"showImageEffects":true,"showParticleSystems":true},"in2DMode":false,"pivot":{"x":0.0,"y":0.046695172786712649,"z":-0.17808568477630616},"rotation":{"x":0.06011350452899933,"y":-0.9148808121681213,"z":0.3706209361553192,"w":0.14839063584804536},"size":14.422054290771485,"orthographic":false}