{"cameraMode":{"drawMode":0,"name":"Shaded","section":"Shading Mode"},"sceneLighting":false,"audioPlay":false,"sceneViewState":{"showFog":true,"showMaterialUpdate":false,"showSkybox":true,"showFlares":true,"showImageEffects":true,"showParticleSystems":true},"in2DMode":false,"pivot":{"x":-0.0011658668518066407,"y":0.4403378963470459,"z":1.3344924449920655},"rotation":{"x":0.06011349707841873,"y":-0.9148806929588318,"z":0.3706209063529968,"w":0.14839062094688416},"size":21.648889541625978,"orthographic":false}