{"cameraMode":{"drawMode":0,"name":"Shaded","section":"Shading Mode"},"sceneLighting":false,"audioPlay":false,"sceneViewState":{"showFog":true,"showMaterialUpdate":false,"showSkybox":true,"showFlares":true,"showImageEffects":true,"showParticleSystems":true},"in2DMode":false,"pivot":{"x":0.0019528865814208985,"y":1.068037509918213,"z":0.7099947929382324},"rotation":{"x":0.12226002663373947,"y":-0.8348489999771118,"z":0.20589029788970948,"w":0.49567002058029177},"size":3.0215635299682619,"orthographic":false}