{"cameraMode":{"drawMode":0,"name":"Shaded","section":"Shading Mode"},"sceneLighting":false,"audioPlay":false,"sceneViewState":{"showFog":true,"showMaterialUpdate":false,"showSkybox":true,"showFlares":true,"showImageEffects":true,"showParticleSystems":true},"in2DMode":false,"pivot":{"x":0.0,"y":0.11134135723114014,"z":0.3249220848083496},"rotation":{"x":0.015377605333924294,"y":-0.9842418432235718,"z":0.13759484887123109,"w":0.10999665409326554},"size":10.737507820129395,"orthographic":false}