{"cameraMode":{"drawMode":0,"name":"Shaded","section":"Shading Mode"},"sceneLighting":false,"audioPlay":false,"sceneViewState":{"showFog":true,"showMaterialUpdate":false,"showSkybox":true,"showFlares":true,"showImageEffects":true,"showParticleSystems":true},"in2DMode":false,"pivot":{"x":0.043778419494628909,"y":1.132743000984192,"z":1.1317241191864014},"rotation":{"x":-0.006707025226205587,"y":-0.9636252522468567,"z":0.2660665512084961,"w":-0.02429203689098358},"size":8.79478645324707,"orthographic":false}