{"cameraMode":{"drawMode":0,"name":"Shaded","section":"Shading Mode"},"sceneLighting":false,"audioPlay":false,"sceneViewState":{"showFog":true,"showMaterialUpdate":false,"showSkybox":true,"showFlares":true,"showImageEffects":true,"showParticleSystems":true},"in2DMode":false,"pivot":{"x":19.569454193115236,"y":2.214278221130371,"z":4.759999752044678},"rotation":{"x":0.140974223613739,"y":0.07861677557229996,"z":-0.011232292279601097,"w":0.9868229627609253},"size":13.603899955749512,"orthographic":false}