{"cameraMode":{"drawMode":0,"name":"Shaded","section":"Shading Mode"},"sceneLighting":false,"audioPlay":false,"sceneViewState":{"showFog":true,"showMaterialUpdate":false,"showSkybox":true,"showFlares":true,"showImageEffects":true,"showParticleSystems":true},"in2DMode":false,"pivot":{"x":0.0,"y":0.6460516452789307,"z":0.5952506065368652},"rotation":{"x":0.06011349707841873,"y":-0.9148806929588318,"z":0.3706209063529968,"w":0.14839062094688416},"size":19.49453353881836,"orthographic":false}