{"cameraMode":{"drawMode":0,"name":"Shaded","section":"Shading Mode"},"sceneLighting":false,"audioPlay":false,"sceneViewState":{"showFog":true,"showMaterialUpdate":false,"showSkybox":true,"showFlares":true,"showImageEffects":true,"showParticleSystems":true},"in2DMode":false,"pivot":{"x":-0.000028967857360839844,"y":0.5324660539627075,"z":-0.15564417839050294},"rotation":{"x":0.14095178246498109,"y":-0.8052856922149658,"z":0.2119806557893753,"w":0.5354547500610352},"size":11.64905071258545,"orthographic":false}